,Adaptive model,Regular model
Val acc,0.0004912500000000002,0.00020518750000000005
Train acc,0.0010687500000000003,0.0018499999999999999
iteration,0.1875,0.1875
