,Adaptive model,Regular model
Val acc,8.999999999999994e-05,0.0004845000000000001
Train acc,0.0012687500000000001,0.0014750000000000002
iteration,0.0,0.25
