,Adaptive model,Regular model
Val acc,0.00023063999999999992,7.343999999999996e-05
Train acc,0.000216,0.0011599999999999998
iteration,0.16,0.0
