,Adaptive model,Regular model
Val acc,5.749999999999999e-05,0.00011924999999999997
Train acc,0.0010999999999999996,0.00016874999999999998
iteration,0.1875,0.25
