,Adaptive model,Regular model
Val KNN acc,3.224999999999994e-05,5.0187499999999946e-05
Train KNN acc,0.0008187499999999996,0.0009500000000000003
