,Adaptive model,Regular model
Val KNN acc,0.00027368750000000017,5.868749999999993e-05
Train KNN acc,0.000525,0.0005687500000000002
