,Adaptive model,Regular model
Val KNN acc,2.018749999999995e-05,1.968749999999997e-05
Train KNN acc,0.0003187499999999996,0.0014250000000000007
