,Adaptive model,Regular model
Train KNN acc,0.00012318750000000003,0.00014918749999999996
Val KNN acc,0.00026874999999999973,0.00036874999999999967
