,Adaptive model,Regular model
Val KNN acc,3.016000000000005e-05,2.2400000000000035e-06
Train KNN acc,0.00010400000000000018,8.000000000000014e-05
